{"count":1,"self":241.7889792,"total":7313.2084675999995,"children":{"AgentResetIfDone":{"count":222184,"self":2.4279508,"total":2.4279508,"children":null},"AgentSendState":{"count":222184,"self":15.3624496,"total":24.466503,"children":{"CollectObservations":{"count":1110925,"self":9.1040536,"total":9.1040533,"children":null}}},"DecideAction":{"count":222184,"self":6021.6107008,"total":6990.4875441999993,"children":{"AgentInfo.ToProto":{"count":44437,"self":35.1320832,"total":968.87677039999994,"children":{"RenderTexSensor.GetCompressedObservation":{"count":1110925,"self":933.74464,"total":933.7446884,"children":null}}}}},"AcademyStep":{"count":222184,"self":1.2999642999999999,"total":1.2999642999999999,"children":null},"AgentAct":{"count":222184,"self":52.736531199999995,"total":52.7365303,"children":null}}}